{"ast":null,"code":"export var mockedResponse={\"valid\":true,\"timestamp\":1582195447,\"base\":\"USD\",\"rates\":{\"AED\":3.67338,\"AFN\":77.8079,\"ALL\":113.23065,\"AMD\":478.14251,\"ANG\":1.78845,\"AOA\":493.9822,\"ARS\":61.66319,\"AUD\":1.50684,\"AWG\":1.8,\"AZN\":1.7,\"BAM\":1.811,\"BBD\":2.01732,\"BCH\":0.0026295030239284773,\"BDT\":84.88116,\"BGN\":1.81119,\"BHD\":0.37698,\"BIF\":1883.9902,\"BMD\":1,\"BND\":1.39136,\"BOB\":6.90982,\"BRL\":4.36582,\"BSD\":0.99917,\"BTC\":0.00010430672016906032,\"BTG\":0.09900990099009901,\"BWP\":10.99162,\"BZD\":2.01399,\"CAD\":1.32493,\"CDF\":1686.1,\"CHF\":0.98284,\"CLP\":796.23,\"CNH\":7.02971,\"CNY\":7.029,\"COP\":3385.67,\"CRC\":567.00515,\"CUC\":1,\"CUP\":0.99899,\"CVE\":102.10001,\"CZK\":23.16515,\"DASH\":0.009672115291614276,\"DJF\":177.729,\"DKK\":6.9152,\"DOP\":53.33415,\"DZD\":120.936,\"EGP\":15.59628,\"EOS\":0.25144581342720645,\"ETB\":31.8418,\"ETH\":0.003866976024748646,\"EUR\":0.92612,\"FJD\":2.20721,\"GBP\":0.77471,\"GEL\":2.82515,\"GHS\":5.32477,\"GIP\":0.81292,\"GMD\":50.8725,\"GNF\":9519.70895,\"GTQ\":7.62428,\"GYD\":208.40372,\"HKD\":7.7788,\"HNL\":24.61633,\"HRK\":6.89836,\"HTG\":97.52467,\"HUF\":312.74,\"IDR\":13810.6405,\"ILS\":3.433,\"INR\":71.589,\"IQD\":1192.91165,\"IRR\":42107.1,\"ISK\":127.7165,\"JMD\":140.87825,\"JOD\":0.70914,\"JPY\":111.969,\"KES\":101.365,\"KGS\":69.85239,\"KHR\":4088.4324,\"KMF\":456.473,\"KRW\":1204.77,\"KWD\":0.30657,\"KYD\":0.83261,\"KZT\":376.44802,\"LAK\":8895.31975,\"LBP\":1510.69955,\"LKR\":181.84229,\"LRD\":196.88485,\"LSL\":14.9805,\"LTC\":0.014191442560136236,\"LYD\":1.41237,\"MAD\":9.73535,\"MDL\":17.71963,\"MKD\":57.00696,\"MMK\":1449.7425,\"MOP\":7.99818,\"MUR\":37.80151,\"MVR\":15.451,\"MWK\":735.9364,\"MXN\":18.6494,\"MYR\":4.18231,\"MZN\":64.79825,\"NAD\":14.9805,\"NGN\":363.52,\"NIO\":33.70534,\"NOK\":9.3031,\"NPR\":114.13431,\"NZD\":1.57555,\"OMR\":0.38502,\"PAB\":0.99919,\"PEN\":3.38092,\"PGK\":3.40646,\"PHP\":50.71804,\"PKR\":154.11631,\"PLN\":3.9613,\"PYG\":6521.64205,\"QAR\":3.6412,\"RON\":4.42872,\"RSD\":108.8855,\"RUB\":63.7281,\"RWF\":950.17481,\"SAR\":3.75094,\"SBD\":8.23524,\"SCR\":13.70598,\"SDG\":52.7525,\"SEK\":9.8036,\"SGD\":1.4,\"SLL\":9720.5,\"SOS\":585.53,\"SRD\":7.45835,\"SVC\":8.74283,\"SZL\":14.93506,\"THB\":31.44455,\"TJS\":9.69119,\"TMT\":3.5,\"TND\":2.85165,\"TOP\":2.31662,\"TRY\":6.08567,\"TTD\":6.75088,\"TWD\":30.32302,\"TZS\":2309.815,\"UAH\":24.50375,\"UGX\":3662.2281,\"USD\":1,\"UYU\":37.89638,\"UZS\":9514.8477,\"VND\":23237.66,\"XAF\":607.31356,\"XAG\":0.054838090537687484,\"XAU\":0.0006214673465519438,\"XCD\":2.70269,\"XLM\":14.204545454545453,\"XOF\":607.31356,\"XRP\":3.663003663003663,\"YER\":250.3625,\"ZAR\":15.0978,\"ZMW\":14.66231}};","map":{"version":3,"sources":["/Users/vovachka/Documents/GitHub/React-test/src/dataArrey.js"],"names":["mockedResponse"],"mappings":"AAAA,MAAO,IAAMA,CAAAA,cAAc,CAAG,CAC1B,QAAS,IADiB,CAE1B,YAAa,UAFa,CAG1B,OAAQ,KAHkB,CAI1B,QAAS,CACT,MAAO,OADE,CAEL,MAAO,OAFF,CAGL,MAAO,SAHF,CAIL,MAAO,SAJF,CAKL,MAAO,OALF,CAML,MAAO,QANF,CAOL,MAAO,QAPF,CAQL,MAAO,OARF,CASL,MAAO,GATF,CAUL,MAAO,GAVF,CAWL,MAAO,KAXF,CAYL,MAAO,OAZF,CAaL,MAAO,qBAbF,CAcL,MAAO,QAdF,CAeL,MAAO,OAfF,CAgBL,MAAO,OAhBF,CAiBL,MAAO,SAjBF,CAkBL,MAAO,CAlBF,CAmBL,MAAO,OAnBF,CAoBL,MAAO,OApBF,CAqBL,MAAO,OArBF,CAsBL,MAAO,OAtBF,CAuBL,MAAO,sBAvBF,CAwBL,MAAO,mBAxBF,CAyBL,MAAO,QAzBF,CA0BL,MAAO,OA1BF,CA2BL,MAAO,OA3BF,CA4BL,MAAO,MA5BF,CA6BL,MAAO,OA7BF,CA8BL,MAAO,MA9BF,CA+BL,MAAO,OA/BF,CAgCL,MAAO,KAhCF,CAiCL,MAAO,OAjCF,CAkCL,MAAO,SAlCF,CAmCL,MAAO,CAnCF,CAoCL,MAAO,OApCF,CAqCL,MAAO,SArCF,CAsCL,MAAO,QAtCF,CAuCL,OAAQ,oBAvCH,CAwCL,MAAO,OAxCF,CAyCL,MAAO,MAzCF,CA0CL,MAAO,QA1CF,CA2CL,MAAO,OA3CF,CA4CL,MAAO,QA5CF,CA6CL,MAAO,mBA7CF,CA8CL,MAAO,OA9CF,CA+CL,MAAO,oBA/CF,CAgDL,MAAO,OAhDF,CAiDL,MAAO,OAjDF,CAkDL,MAAO,OAlDF,CAmDL,MAAO,OAnDF,CAoDL,MAAO,OApDF,CAqDL,MAAO,OArDF,CAsDL,MAAO,OAtDF,CAuDL,MAAO,UAvDF,CAwDL,MAAO,OAxDF,CAyDL,MAAO,SAzDF,CA0DL,MAAO,MA1DF,CA2DL,MAAO,QA3DF,CA4DL,MAAO,OA5DF,CA6DL,MAAO,QA7DF,CA8DL,MAAO,MA9DF,CA+DL,MAAO,UA/DF,CAgEL,MAAO,KAhEF,CAiEL,MAAO,MAjEF,CAkEL,MAAO,UAlEF,CAmEL,MAAO,OAnEF,CAoEL,MAAO,QApEF,CAqEL,MAAO,SArEF,CAsEL,MAAO,OAtEF,CAuEL,MAAO,OAvEF,CAwEL,MAAO,OAxEF,CAyEL,MAAO,QAzEF,CA0EL,MAAO,SA1EF,CA2EL,MAAO,OA3EF,CA4EL,MAAO,OA5EF,CA6EL,MAAO,OA7EF,CA8EL,MAAO,OA9EF,CA+EL,MAAO,SA/EF,CAgFL,MAAO,UAhFF,CAiFL,MAAO,UAjFF,CAkFL,MAAO,SAlFF,CAmFL,MAAO,SAnFF,CAoFL,MAAO,OApFF,CAqFL,MAAO,oBArFF,CAsFL,MAAO,OAtFF,CAuFL,MAAO,OAvFF,CAwFL,MAAO,QAxFF,CAyFL,MAAO,QAzFF,CA0FL,MAAO,SA1FF,CA2FL,MAAO,OA3FF,CA4FL,MAAO,QA5FF,CA6FL,MAAO,MA7FF,CA8FL,MAAO,QA9FF,CA+FL,MAAO,OA/FF,CAgGL,MAAO,OAhGF,CAiGL,MAAO,QAjGF,CAkGL,MAAO,OAlGF,CAmGL,MAAO,MAnGF,CAoGL,MAAO,QApGF,CAqGL,MAAO,MArGF,CAsGL,MAAO,SAtGF,CAuGL,MAAO,OAvGF,CAwGL,MAAO,OAxGF,CAyGL,MAAO,OAzGF,CA0GL,MAAO,OA1GF,CA2GL,MAAO,OA3GF,CA4GL,MAAO,QA5GF,CA6GL,MAAO,SA7GF,CA8GL,MAAO,MA9GF,CA+GL,MAAO,UA/GF,CAgHL,MAAO,MAhHF,CAiHL,MAAO,OAjHF,CAkHL,MAAO,QAlHF,CAmHL,MAAO,OAnHF,CAoHL,MAAO,SApHF,CAqHL,MAAO,OArHF,CAsHL,MAAO,OAtHF,CAuHL,MAAO,QAvHF,CAwHL,MAAO,OAxHF,CAyHL,MAAO,MAzHF,CA0HL,MAAO,GA1HF,CA2HL,MAAO,MA3HF,CA4HL,MAAO,MA5HF,CA6HL,MAAO,OA7HF,CA8HL,MAAO,OA9HF,CA+HL,MAAO,QA/HF,CAgIL,MAAO,QAhIF,CAiIL,MAAO,OAjIF,CAkIL,MAAO,GAlIF,CAmIL,MAAO,OAnIF,CAoIL,MAAO,OApIF,CAqIL,MAAO,OArIF,CAsIL,MAAO,OAtIF,CAuIL,MAAO,QAvIF,CAwIL,MAAO,QAxIF,CAyIL,MAAO,QAzIF,CA0IL,MAAO,SA1IF,CA2IL,MAAO,CA3IF,CA4IL,MAAO,QA5IF,CA6IL,MAAO,SA7IF,CA8IL,MAAO,QA9IF,CA+IL,MAAO,SA/IF,CAgJL,MAAO,oBAhJF,CAiJL,MAAO,qBAjJF,CAkJL,MAAO,OAlJF,CAmJL,MAAO,kBAnJF,CAoJL,MAAO,SApJF,CAqJL,MAAO,iBArJF,CAsJL,MAAO,QAtJF,CAuJL,MAAO,OAvJF,CAwJL,MAAO,QAxJF,CAJiB,CAAvB",