{"ast":null,"code":"import React from 'react';\nconst mockedResponse = {\n  \"valid\": true,\n  \"timestamp\": 1582195447,\n  \"base\": \"USD\",\n  \"rates\": {\n    \"AED\": 3.67338,\n    \"AFN\": 77.8079,\n    \"ALL\": 113.23065,\n    \"AMD\": 478.14251,\n    \"ANG\": 1.78845,\n    \"AOA\": 493.9822,\n    \"ARS\": 61.66319,\n    \"AUD\": 1.50684,\n    \"AWG\": 1.8,\n    \"AZN\": 1.7,\n    \"BAM\": 1.811,\n    \"BBD\": 2.01732,\n    \"BCH\": 0.0026295030239284773,\n    \"BDT\": 84.88116,\n    \"BGN\": 1.81119,\n    \"BHD\": 0.37698,\n    \"BIF\": 1883.9902,\n    \"BMD\": 1,\n    \"BND\": 1.39136,\n    \"BOB\": 6.90982,\n    \"BRL\": 4.36582,\n    \"BSD\": 0.99917,\n    \"BTC\": 0.00010430672016906032,\n    \"BTG\": 0.09900990099009901,\n    \"BWP\": 10.99162,\n    \"BZD\": 2.01399,\n    \"CAD\": 1.32493,\n    \"CDF\": 1686.1,\n    \"CHF\": 0.98284,\n    \"CLP\": 796.23,\n    \"CNH\": 7.02971,\n    \"CNY\": 7.029,\n    \"COP\": 3385.67,\n    \"CRC\": 567.00515,\n    \"CUC\": 1,\n    \"CUP\": 0.99899,\n    \"CVE\": 102.10001,\n    \"CZK\": 23.16515,\n    \"DASH\": 0.009672115291614276,\n    \"DJF\": 177.729,\n    \"DKK\": 6.9152,\n    \"DOP\": 53.33415,\n    \"DZD\": 120.936,\n    \"EGP\": 15.59628,\n    \"EOS\": 0.25144581342720645,\n    \"ETB\": 31.8418,\n    \"ETH\": 0.003866976024748646,\n    \"EUR\": 0.92612,\n    \"FJD\": 2.20721,\n    \"GBP\": 0.77471,\n    \"GEL\": 2.82515,\n    \"GHS\": 5.32477,\n    \"GIP\": 0.81292,\n    \"GMD\": 50.8725,\n    \"GNF\": 9519.70895,\n    \"GTQ\": 7.62428,\n    \"GYD\": 208.40372,\n    \"HKD\": 7.7788,\n    \"HNL\": 24.61633,\n    \"HRK\": 6.89836,\n    \"HTG\": 97.52467,\n    \"HUF\": 312.74,\n    \"IDR\": 13810.6405,\n    \"ILS\": 3.433,\n    \"INR\": 71.589,\n    \"IQD\": 1192.91165,\n    \"IRR\": 42107.1,\n    \"ISK\": 127.7165,\n    \"JMD\": 140.87825,\n    \"JOD\": 0.70914,\n    \"JPY\": 111.969,\n    \"KES\": 101.365,\n    \"KGS\": 69.85239,\n    \"KHR\": 4088.4324,\n    \"KMF\": 456.473,\n    \"KRW\": 1204.77,\n    \"KWD\": 0.30657,\n    \"KYD\": 0.83261,\n    \"KZT\": 376.44802,\n    \"LAK\": 8895.31975,\n    \"LBP\": 1510.69955,\n    \"LKR\": 181.84229,\n    \"LRD\": 196.88485,\n    \"LSL\": 14.9805,\n    \"LTC\": 0.014191442560136236,\n    \"LYD\": 1.41237,\n    \"MAD\": 9.73535,\n    \"MDL\": 17.71963,\n    \"MKD\": 57.00696,\n    \"MMK\": 1449.7425,\n    \"MOP\": 7.99818,\n    \"MUR\": 37.80151,\n    \"MVR\": 15.451,\n    \"MWK\": 735.9364,\n    \"MXN\": 18.6494,\n    \"MYR\": 4.18231,\n    \"MZN\": 64.79825,\n    \"NAD\": 14.9805,\n    \"NGN\": 363.52,\n    \"NIO\": 33.70534,\n    \"NOK\": 9.3031,\n    \"NPR\": 114.13431,\n    \"NZD\": 1.57555,\n    \"OMR\": 0.38502,\n    \"PAB\": 0.99919,\n    \"PEN\": 3.38092,\n    \"PGK\": 3.40646,\n    \"PHP\": 50.71804,\n    \"PKR\": 154.11631,\n    \"PLN\": 3.9613,\n    \"PYG\": 6521.64205,\n    \"QAR\": 3.6412,\n    \"RON\": 4.42872,\n    \"RSD\": 108.8855,\n    \"RUB\": 63.7281,\n    \"RWF\": 950.17481,\n    \"SAR\": 3.75094,\n    \"SBD\": 8.23524,\n    \"SCR\": 13.70598,\n    \"SDG\": 52.7525,\n    \"SEK\": 9.8036,\n    \"SGD\": 1.4,\n    \"SLL\": 9720.5,\n    \"SOS\": 585.53,\n    \"SRD\": 7.45835,\n    \"SVC\": 8.74283,\n    \"SZL\": 14.93506,\n    \"THB\": 31.44455,\n    \"TJS\": 9.69119,\n    \"TMT\": 3.5,\n    \"TND\": 2.85165,\n    \"TOP\": 2.31662,\n    \"TRY\": 6.08567,\n    \"TTD\": 6.75088,\n    \"TWD\": 30.32302,\n    \"TZS\": 2309.815,\n    \"UAH\": 24.50375,\n    \"UGX\": 3662.2281,\n    \"USD\": 1,\n    \"UYU\": 37.89638,\n    \"UZS\": 9514.8477,\n    \"VND\": 23237.66,\n    \"XAF\": 607.31356,\n    \"XAG\": 0.054838090537687484,\n    \"XAU\": 0.0006214673465519438,\n    \"XCD\": 2.70269,\n    \"XLM\": 14.204545454545453,\n    \"XOF\": 607.31356,\n    \"XRP\": 3.663003663003663,\n    \"YER\": 250.3625,\n    \"ZAR\": 15.0978,\n    \"ZMW\": 14.66231\n  }\n};","map":{"version":3,"sources":["/Users/vovachka/WebstormProjects/untitled1/src/dataArrey.js"],"names":["React","mockedResponse"],"mappings":"AAAA,OAAOA,KAAP,MAAkB,OAAlB;AAEA,MAAMC,cAAc,GAAG;AACnB,WAAS,IADU;AAEnB,eAAa,UAFM;AAGnB,UAAQ,KAHW;AAInB,WAAS;AACT,WAAO,OADE;AAEL,WAAO,OAFF;AAGL,WAAO,SAHF;AAIL,WAAO,SAJF;AAKL,WAAO,OALF;AAML,WAAO,QANF;AAOL,WAAO,QAPF;AAQL,WAAO,OARF;AASL,WAAO,GATF;AAUL,WAAO,GAVF;AAWL,WAAO,KAXF;AAYL,WAAO,OAZF;AAaL,WAAO,qBAbF;AAcL,WAAO,QAdF;AAeL,WAAO,OAfF;AAgBL,WAAO,OAhBF;AAiBL,WAAO,SAjBF;AAkBL,WAAO,CAlBF;AAmBL,WAAO,OAnBF;AAoBL,WAAO,OApBF;AAqBL,WAAO,OArBF;AAsBL,WAAO,OAtBF;AAuBL,WAAO,sBAvBF;AAwBL,WAAO,mBAxBF;AAyBL,WAAO,QAzBF;AA0BL,WAAO,OA1BF;AA2BL,WAAO,OA3BF;AA4BL,WAAO,MA5BF;AA6BL,WAAO,OA7BF;AA8BL,WAAO,MA9BF;AA+BL,WAAO,OA/BF;AAgCL,WAAO,KAhCF;AAiCL,WAAO,OAjCF;AAkCL,WAAO,SAlCF;AAmCL,WAAO,CAnCF;AAoCL,WAAO,OApCF;AAqCL,WAAO,SArCF;AAsCL,WAAO,QAtCF;AAuCL,YAAQ,oBAvCH;AAwCL,WAAO,OAxCF;AAyCL,WAAO,MAzCF;AA0CL,WAAO,QA1CF;AA2CL,WAAO,OA3CF;AA4CL,WAAO,QA5CF;AA6CL,WAAO,mBA7CF;AA8CL,WAAO,OA9CF;AA+CL,WAAO,oBA/CF;AAgDL,WAAO,OAhDF;AAiDL,WAAO,OAjDF;AAkDL,WAAO,OAlDF;AAmDL,WAAO,OAnDF;AAoDL,WAAO,OApDF;AAqDL,WAAO,OArDF;AAsDL,WAAO,OAtDF;AAuDL,WAAO,UAvDF;AAwDL,WAAO,OAxDF;AAyDL,WAAO,SAzDF;AA0DL,WAAO,MA1DF;AA2DL,WAAO,QA3DF;AA4DL,WAAO,OA5DF;AA6DL,WAAO,QA7DF;AA8DL,WAAO,MA9DF;AA+DL,WAAO,UA/DF;AAgEL,WAAO,KAhEF;AAiEL,WAAO,MAjEF;AAkEL,WAAO,UAlEF;AAmEL,WAAO,OAnEF;AAoEL,WAAO,QApEF;AAqEL,WAAO,SArEF;AAsEL,WAAO,OAtEF;AAuEL,WAAO,OAvEF;AAwEL,WAAO,OAxEF;AAyEL,WAAO,QAzEF;AA0EL,WAAO,SA1EF;AA2EL,WAAO,OA3EF;AA4EL,WAAO,OA5EF;AA6EL,WAAO,OA7EF;AA8EL,WAAO,OA9EF;AA+EL,WAAO,SA/EF;AAgFL,WAAO,UAhFF;AAiFL,WAAO,UAjFF;AAkFL,WAAO,SAlFF;AAmFL,WAAO,SAnFF;AAoFL,WAAO,OApFF;AAqFL,WAAO,oBArFF;AAsFL,WAAO,OAtFF;AAuFL,WAAO,OAvFF;AAwFL,WAAO,QAxFF;AAyFL,WAAO,QAzFF;AA0FL,WAAO,SA1FF;AA2FL,WAAO,OA3FF;AA4FL,WAAO,QA5FF;AA6FL,WAAO,MA7FF;AA8FL,WAAO,QA9FF;AA+FL,WAAO,OA/FF;AAgGL,WAAO,OAhGF;AAiGL,WAAO,QAjGF;AAkGL,WAAO,OAlGF;AAmGL,WAAO,MAnGF;AAoGL,WAAO,QApGF;AAqGL,WAAO,MArGF;AAsGL,WAAO,SAtGF;AAuGL,WAAO,OAvGF;AAwGL,WAAO,OAxGF;AAyGL,WAAO,OAzGF;AA0GL,WAAO,OA1GF;AA2GL,WAAO,OA3GF;AA4GL,WAAO,QA5GF;AA6GL,WAAO,SA7GF;AA8GL,WAAO,MA9GF;AA+GL,WAAO,UA/GF;AAgHL,WAAO,MAhHF;AAiHL,WAAO,OAjHF;AAkHL,WAAO,QAlHF;AAmHL,WAAO,OAnHF;AAoHL,WAAO,SApHF;AAqHL,WAAO,OArHF;AAsHL,WAAO,OAtHF;AAuHL,WAAO,QAvHF;AAwHL,WAAO,OAxHF;AAyHL,WAAO,MAzHF;AA0HL,WAAO,GA1HF;AA2HL,WAAO,MA3HF;AA4HL,WAAO,MA5HF;AA6HL,WAAO,OA7HF;AA8HL,WAAO,OA9HF;AA+HL,WAAO,QA/HF;AAgIL,WAAO,QAhIF;AAiIL,WAAO,OAjIF;AAkIL,WAAO,GAlIF;AAmIL,WAAO,OAnIF;AAoIL,WAAO,OApIF;AAqIL,WAAO,OArIF;AAsIL,WAAO,OAtIF;AAuIL,WAAO,QAvIF;AAwIL,WAAO,QAxIF;AAyIL,WAAO,QAzIF;AA0IL,WAAO,SA1IF;AA2IL,WAAO,CA3IF;AA4IL,WAAO,QA5IF;AA6IL,WAAO,SA7IF;AA8IL,WAAO,QA9IF;AA+IL,WAAO,SA/IF;AAgJL,WAAO,oBAhJF;AAiJL,WAAO,qBAjJF;AAkJL,WAAO,OAlJF;AAmJL,WAAO,kBAnJF;AAoJL,WAAO,SApJF;AAqJL,WAAO,iBArJF;AAsJL,WAAO,QAtJF;AAuJL,WAAO,OAvJF;AAwJL,WAAO;AAxJF;AAJU,CAAvB",